metamer,leaf_Lmax,lamina_Lmax,sheath_Lmax,internode_Lmax
1,11.0663,8.2132,2.8531,
2,12.1037,9.2306,2.8731,
3,12.2767,9.4121,2.8646,
4,13.3141,9.9874,3.3267,
5,15.4755,11.3981,4.0774,
6,19.9712,13.6457,6.3255,0.100671141
7,25.5043,16.4335,9.0708,1.912751678
8,31.8156,19.6645,12.1511,6.090604027
9,39.1643,25.1082,14.0561,9.714765101
10,45.9942,28.6831,17.3111,14.4966443
11,42.7089,23.9465,18.7624,17.01342282
